county_fips,land_usd2017_per_acre
27077,573.4365386807121
53019,1126.142158077983
53065,1543.7375844911369
53047,2027.0133751155897
53051,1373.031249134988
16021,3179.1771422184097
30053,4824.808250089066
30029,3889.997224986224
30035,4370.289220544981
30101,3247.4568233285154
30051,2514.4900500085355
30041,1718.331386330424
30091,894.3000863425611
38023,901.1538751
38013,926.2416578797187
38075,1060.950782730306
38009,1201.692038172537
38079,970.5017797789216
38095,1015.4663354650698
38019,929.6607093762782
38067,1573.3070880275866
27069,1337.6304754241883
27135,741.2855709757614
30005,1118.7678098465844
30071,910.9546144853116
30105,473.54716392315305
30019,517.6589303
53073,1920.0749988473015
16017,3242.035381440794
38101,1040.5129916446367
27071,667.5229633819805
53057,1483.9354690719379
38105,943.7232057288585
38049,1046.6685685995253
27137,1161.4454986260819
53055,39302.98241440127
30085,591.6424716830537
38061,970.9016965660301
27089,1023.8827335051116
38071,988.3675492438816
38099,1124.835354940104
27007,652.7958774631616
38069,936.6796364307013
53007,1519.1332283774236
30073,4231.953313717206
53009,4643.181999549863
38005,904.5726204061024
30015,978.7008945675593
53061,2345.837613413978
53029,19303.209002875326
30089,2868.9606636851163
27075,2008.0633047132214
38063,942.0560715062743
38035,1215.9789605879873
27119,1348.1589261853865
27113,1090.2434052674062
53017,523.4820349338419
38053,987.0050461891849
53031,3662.8625028554075
30083,711.6300515273376
30099,1750.7892620713887
30055,375.84961467822023
16079,1565.382376133866
53063,3061.4315987110595
30047,5137.514967232879
27029,1193.692611317367
16055,2022.2075688615173
30033,391.20789997881394
27125,1182.2489011655935
53025,1349.3500144406412
53043,924.0879501210978
30049,1215.0261035416786
53035,18522.61675229043
27061,1403.1769439959355
38083,963.6860654133587
38103,1119.1188882222218
38055,1015.6871601812483
38027,784.8524746584452
38025,709.3919534774498
30027,723.5745759
30021,405.59582657908123
53033,6376.282893
30013,864.2620345168176
38039,1022.3615780075587
38091,1160.1314729517449
38097,1293.6846216885353
53045,4557.467143286339
30063,1553.1130826984902
30069,459.04002802025747
30077,1338.748423851106
53037,1799.2388477667434
38031,1046.7828665565105
38057,854.4529807784105
53027,1980.0671025283377
27107,1337.6866058103294
27087,1117.9348398526793
30061,1548.2152065529333
27021,1852.0982261834133
23003,383.91081127680206
30045,691.5790907783933
27057,1965.5632765822465
16009,1077.7210201442535
30109,476.1133647119121
38033,500.4949590114891
38007,503.7223843916501
38093,956.0507389077742
38043,755.3195434690739
38015,932.7636340259396
53053,5844.062286824703
38065,729.2632033704839
53001,506.09289042376554
53075,912.3282804995139
38003,1158.6675402060364
38017,1779.3237567341068
30079,331.39191509127005
27005,1513.1904857868105
27027,1850.5286522575525
53067,6560.4122298775865
16057,1717.006166249963
30059,803.8563606623965
53077,1702.7590749326241
27001,1436.4358874967638
38089,578.9120920415824
38059,570.1219953934875
55007,1945.179469480757
16035,1754.4413226069069
30017,441.96397859254944
30087,502.6067217152584
30039,1570.1309029746594
27159,1326.769161449756
27035,2815.5689346949866
53049,2031.2222542665509
53041,3082.5809725119952
30007,1144.866177771319
27017,1256.6007240279403
30037,581.5898469
55031,1624.4803833165508
30065,452.9979224000021
30107,626.2356429963319
53021,1435.4909729354004
53005,1459.7495752410352
38037,454.95743681561333
27111,1972.0014830300436
53023,681.3469110910361
30025,388.1516503190363
16049,2413.219838
30081,1665.495653980893
55003,1521.5966640067459
38047,800.7598403793586
38029,633.0219855864929
38045,1225.1186935278283
38087,501.5004648888716
38041,503.2496652
38073,1489.763318636555
38077,2286.713259906983
27167,2779.050997709803
16069,1691.8234250448422
53013,724.489476
53071,1171.209738126547
55051,1658.9534559115127
23025,466.6200546934395
23021,687.1654051920776
30043,1490.330305360277
30111,444.8343312926965
30103,391.1217269
16061,1726.3354945210222
53003,711.1314088
38085,411.91094105190433
27115,1573.964410384889
23019,678.4582683213307
53059,1731.3592545951938
53015,3454.991498874181
53069,2693.7284070545875
27153,1792.8858620711085
27097,2053.7706425133806
38051,959.9876007026429
38021,1359.9525519075783
38081,1656.732092129576
38011,525.8637781230403
38001,449.3415166728496
30023,1881.6144140201502
27095,1731.669699160758
41007,3613.2146716915026
30097,909.6337638
30031,2040.993291033931
30067,1226.678283259951
41009,5765.250996960365
30093,1979.4251712990774
55129,2232.365878862066
55113,1783.2104922342498
55013,2045.496481093926
27065,1783.8670454616756
30011,1013.6840640442466
30095,770.2594908680957
27051,2932.8983935487317
27041,2699.749012807315
53011,16351.109935295439
53039,1526.8849621516677
30003,445.3432704769946
27155,2286.5976815035847
41059,983.4233959564209
41063,1134.2599029689611
55099,1822.2732767413504
46021,565.9299776987041
46063,507.88498994746936
46089,864.7344442218194
46105,301.8914894270171
46031,441.78993762523777
46013,1579.0325903428975
30001,2434.627740035525
46091,1879.3691066659455
46109,2095.9799948446707
41049,820.507593
41061,1246.0408106266304
30057,2181.5184779077126
27009,3036.0752816782256
41021,670.3666456479792
30075,646.2910566942757
27145,3317.734473581597
41057,3570.4009184951115
41067,10097.191168744042
27121,2817.750109371498
27149,3164.518456
27059,2978.147414974403
27025,3639.9285316226456
41055,985.9447919712927
55095,2514.8233947388153
41051,18960.33091960816
41027,2655.281226003693
41065,1600.6699511764016
16059,2069.5903828218125
23029,696.1522340070953
23007,984.0716746909222
55005,2240.0069541245025
55107,1580.904004905341
30009,1147.9536598936975
46129,833.7061456727794
46045,1006.6586838596673
46037,1970.8658992320936
27011,1748.2915303587713
27141,5428.372778400569
46137,397.1787142939184
46041,547.2427220761748
41005,5574.215347206988
27171,4703.5898199338835
41071,7509.143269651915
27003,11799.893752301452
27067,2904.5208508688193
27151,2636.203570595854
55119,1714.5762522333653
23017,1328.7242324505098
46051,2116.3812910068204
27093,3801.077971
33007,1540.9223200667898
27163,20579.007058761053
55017,2427.8967545887213
41047,5844.430138320353
27073,2189.0418750148915
16003,1441.1079514013707
46107,858.8601230139424
46049,1125.0021762937617
27053,115152.05629335604
46115,1788.2871998116689
55109,4391.856615498311
55033,2804.137415
46019,531.8676825033724
16085,840.7860491872082
46025,2228.896260502369
46029,2774.5041398565777
27023,2540.059612895885
27123,170449.11176618104
41001,897.0471300150676
41053,4991.983763940923
41069,807.395166
46093,481.33185589451125
41041,3328.5763243735346
55019,1739.2598297028962
50009,1153.5264047055473
50013,2563.389551
50011,2081.6373403144285
50019,1825.9751877463304
36019,976.6249690268334
56029,3287.517139837473
56011,1978.9891544030493
56003,1187.5571216351561
56005,998.2224954
56033,800.6319368596724
36033,1688.8782210992395
41023,1067.6232604166516
27085,4288.9984758286755
27019,6132.058114882374
46039,2260.242524349334
27037,7997.292014509673
27173,3513.883958506891
46119,824.3386156469325
46069,954.4146176625975
46059,1252.7179665300187
27129,3975.775921956969
55093,3170.9713027241764
16037,2024.3107566980152
55035,3064.6419307196793
16087,745.9348215457044
41031,2315.639543506665
27139,9285.066678972467
46057,2828.0151159531356
50015,2107.3262677700204
41043,4153.608058496754
46117,729.2440779
50005,1686.9690821932973
23027,1881.1425335498634
46055,531.0347053434876
16043,6406.442274062955
27143,4147.053506087613
50007,3168.8037828880983
23011,2799.434711
27049,3685.550808231851
41003,5113.324393624881
27127,3572.737512499212
55141,1809.8415510368527
55091,3058.729234
56039,8204.270260122594
46005,1726.1955594379067
27083,4113.199746704077
27081,2478.1993013875394
46081,6250.1523031428715
55011,2910.3824676957233
55121,2573.8838062601385
55053,2072.958305
16033,2280.7435486112413
41013,919.8828305251304
56019,981.8902441090977
46065,587.8553730628768
36031,2121.9207938179593
27079,3838.5078360151956
27131,4593.259986068436
46077,2450.4769180974986
46011,2570.0476
46103,994.0785874530479
16045,1047.895552494079
27015,3525.5651625666037
50023,1842.1085851070973
23001,2945.5176927541866
27103,3689.595062964818
27157,3471.0155764657516
41045,528.2770133576288
23009,1034.4187717470866
33009,2479.0053501485622
41017,5382.431754556812
23013,4523.156554565669
16015,1211.0569665468693
23015,3161.0768816180516
50001,2238.033940476057
33003,3950.9166432392863
41039,4054.465597808599
27013,4184.572649
55057,2924.212517855727
16023,2218.3737458767764
46085,1197.689358333975
50017,1726.216960539381
27161,3680.222688741233
46017,1277.1101272412413
46073,1505.4163903978633
46101,3251.0513499590247
27117,2535.748998803937
27039,4086.3664879881767
46111,1777.822637896572
27101,2778.857532
27033,2943.3583140128103
27147,3762.9291744330167
27109,4320.543841697334
46097,1846.806903561144
46079,2889.2294778028995
27169,3452.5541059072475
56045,2226.894805718887
46075,697.3506124575132
23005,8210.829562
56043,1436.2975350666802
55081,2630.8314354472523
16075,1918.8961156189978
36041,2480.9021347445128
27165,3565.0250702356147
36043,2062.459819639578
55063,2946.419541
16039,1180.827439848226
56017,1547.677856344852
16051,2804.2657812431626
41025,314.74784435001914
23023,4984.386670118677
56013,2077.199191517861
46071,614.5106944426252
16013,3259.6229562964186
16081,12705.228966219518
50027,2747.483596817758
41019,2708.041898558136
46003,1782.6459817269215
46015,1730.8425208783835
16065,6135.152480129684
16027,8023.563678816175
46095,655.0562311465761
16025,1659.9283166336213
46033,2929.7338641911933
50021,1804.8706079222225
27043,2937.8897402515104
46099,4502.919329181065
27133,4354.019188315074
27047,3096.269485439922
27105,4842.200210026947
27063,3420.3520140446076
27091,3157.5487111277243
27055,3021.6354896220832
27099,3585.2605284834635
27045,3634.1395296660908
46035,1834.1220964616627
46061,2097.9118048383984
46087,2620.4648343065583
23031,5614.324544
36115,2117.380604408668
16001,3919.501219831671
36113,1924.966664125893
46123,1046.9076602364817
33001,5200.489119156823
55123,2605.960536302557
46113,630.8686476962173
16073,715.5543441281187
16019,5048.670203404739
16011,3789.0295136713553
41035,2109.7151478635383
41037,470.54291631297866
41011,2544.2804963113954
33013,4448.638302763693
33019,3159.8200275719955
33017,6216.6662135228535
55103,3155.9862470924895
56025,996.9661981123911
46053,959.8173299
56027,936.4536620033804
46023,1568.2393378882502
46125,2789.1909840445833
46083,3715.502091235687
19195,4488.530634265669
19131,4171.427954042881
19005,2989.3559339799713
19189,4177.148522947682
19191,3916.452257374627
56009,1016.7953981988911
19143,5424.734638
19059,5172.197597659274
19109,3861.882648741645
19089,3841.1224561365475
19063,3984.129988078731
19119,5104.783125
46043,1707.7598274336306
46067,1924.605047216435
46047,866.8920072292495
56035,6317.732848010489
55023,2640.941835695233
36091,4239.951955422097
46007,553.5023274608332
46121,493.6496192853765
50003,1710.7102236166752
56023,3642.3627309486537
36035,1311.0679951328752
33015,15727.348312258191
19167,5271.062290174498
50025,2368.7273818214835
19141,5126.776667085943
19033,5914.100717542731
19041,4647.492524329704
19081,5078.619997563189
19147,4136.657161411782
19067,5184.865183407202
19037,3963.0414331469356
55049,6409.760678283349
55043,3414.296766684359
33011,7406.542083347958
16063,1882.996645916499
16047,2424.349804891814
16067,3360.975140945682
33005,2959.4497896586286
46135,2207.5114025080634
46009,1849.0432857202695
16077,2071.2134127908776
46127,2878.2893254999176
46027,2975.5469436277053
19065,3807.9499073659263
19043,3866.632927
36057,2275.932987382161
16029,5452.608016116025
16005,3554.755275481174
31165,380.0947352147681
31045,648.9681602525037
31161,457.9881679938567
41029,2236.105314589109
31103,645.2511852
31015,1016.1221703166386
31031,311.5128751949994
41015,2128.972664533715
36083,3238.599071227713
36093,3877.973864723702
19149,3799.9652619327508
19035,4928.699320051432
19017,4896.475946072949
19023,5550.323495
19021,4395.388857097592
16083,811.3889499169678
19151,4178.423482044995
19091,4747.574566125479
19197,5240.462373
19069,5355.9232559052325
36077,2109.9485505870994
31089,737.2960966491788
25009,53909.93017556375
31107,1307.1553051062945
31027,2963.4263294242937
16053,2442.1691293296085
36095,2297.7505681926646
31017,297.98789142556694
55065,4204.457612636709
36001,3869.5434659873545
31149,522.2085495439321
41033,1473.0123834704725
31051,3464.8937670494424
25003,5272.917534102934
25011,3166.5018502289554
25017,81529.21255299768
25027,9977.709153609932
19061,5040.078312834158
16031,524.4834512
19187,5497.045419
19055,3974.286104175665
19019,5248.885252368132
19013,6564.167202070497
56015,509.21216355285407
56031,496.5889469883864
16007,4756.770041318218
19193,3888.925243280035
19093,4697.318520182177
19161,3999.601371951847
19025,4839.504117811741
19079,5115.675380966065
25015,5098.604126074688
19083,5806.435758603683
19075,7621.389069533406
31043,3416.3585174127397
36025,2769.1961093949376
17085,4073.775032051155
36021,9422.043517
16071,2145.036153916384
36039,4587.555773214523
25025,343093.714
56007,1157.9798871502849
31139,2647.536189785535
31013,822.1991365583427
31003,2348.0668884175634
56001,1054.8349373775627
16041,4998.772411286753
19097,4666.323073726306
31179,3227.567004991091
25013,7576.501783243627
19105,5498.686532518613
19011,6265.442056483422
19113,6630.424237571067
19171,8750.524392940033
31173,3604.988516338551
56037,1293.8622944348772
25023,29095.236525991477
25021,80793.05394735315
19133,3626.865204370447
19047,4384.407586277824
19027,5520.013000775505
19073,5670.1288502386815
19015,6599.839804101649
19127,7657.824770700836
19169,5566.900038787849
36111,5807.199976804926
31039,3975.5560155065755
25005,27133.350043765102
31167,2998.687116865316
31119,2891.737966
31075,445.0573184925631
31115,610.0580330816811
31091,479.1036004659171
31071,590.3227912244715
31171,477.56651722743203
31183,829.7631361469832
31009,486.4778559896335
36027,12899.708529974976
25001,77994.95512970517
31021,3748.0730283318194
09005,13813.166971893737
09003,22786.445419487733
19045,4594.789025964255
09013,9086.341215
09015,6709.151008886823
36105,5416.9645422283465
44007,12050.701340364712
49005,5917.982397502557
06093,1165.2114775385805
31069,404.13074244913787
49003,361.9139344261163
49033,3460.1222261565595
31157,1622.767843545498
31123,437.50242179225097
42127,3970.759017668575
06015,1463.383362225726
32013,219.00440982230828
32007,259.7532999906206
06049,805.5831012132847
32031,324.47866414108887
19031,6058.132645702159
31011,3077.381954133139
19099,6690.627824066053
19153,8637.351312614443
19157,7503.588174423288
19085,4433.598480817045
19077,4124.304048692671
19165,4751.111970110428
19009,4068.556863520946
19095,6658.101868040558
19049,6308.515212690403
19103,6707.7882998114055
17161,4994.917233158837
19163,5894.381942824166
44001,73601.64853492327
44003,13027.877156453189
31037,3718.0258337585187
31053,4251.434937365364
31141,2899.605553346447
31005,509.53253236961746
31077,1058.1129403095747
31117,726.2226634825788
31113,716.1127698597066
31041,707.9665879549755
31175,897.7925720672539
17197,17734.630772109565
39095,9358.104547
17093,11867.380475385795
18089,6081.820306126925
18127,4933.500739054343
39051,3095.481179480888
39055,8838.470648128327
09011,11219.192157301266
39171,2491.949726290119
31007,495.9767436011407
31177,5287.979686
44005,44024.64105244888
09001,86350.99002809473
56021,1019.8049176733537
42131,3132.9764721114398
44009,14955.877168483596
09007,14454.609329494868
09009,36240.872002690514
42069,3478.663974831073
17099,6876.767763033507
36071,10999.78032527162
42047,1094.7913172885346
39035,44592.00068624746
42121,1453.169949005358
42053,1160.111558146066
39123,3360.327737620949
42023,1141.6470854264091
39173,3255.4569630917595
42103,4932.131787711349
42081,2789.270784580285
19139,5548.471183689096
42113,2208.1999256063373
17011,5156.693083231271
17073,4404.582625839259
56041,3433.8142115294154
18113,2926.9858460351693
18033,2779.032445604804
36079,14413.038553345514
31125,2134.5817667301044
39093,7650.765956564272
19123,6462.103403957248
19155,6012.633343206601
19183,6089.516071567906
19125,4810.904800336587
19121,4529.545217093617
19181,4523.4283206784585
19107,6570.135767948807
19029,4566.760386343556
19001,3680.187591570021
39143,3084.1276838067433
39155,3162.569479622719
42085,2519.949029605721
18099,2948.9973684277043
39069,3084.2188640087356
42035,1766.4773446042184
25007,134549.25300597763
17063,8860.979463894246
06023,2263.3551029063374
31023,2435.658856
31155,4414.267094462266
39043,4706.834094
18085,3036.8397706448545
18149,3131.7516975043454
42031,1497.2966431847426
31033,629.3129147747321
39039,2804.546602709524
49057,6273.573588621667
19115,4311.385690069885
42079,3476.455213032502
31143,3407.1342979247365
31055,20788.887228918273
31163,1081.5295469295597
31093,1361.1644445632685
31111,750.5330617737033
31121,2938.0522485652923
25019,257978.92516114077
31101,693.6088337084965
31105,387.92868679982104
42065,1290.5620640890713
49029,4411.195029542645
06105,1483.6637772471674
36119,114028.5388643346
34037,8198.842061
39153,23124.738824102842
39133,7823.986647469602
17131,3342.7355099682272
36087,108351.17701299523
17155,5152.509728323713
42037,3977.546991359247
17091,6594.391365674887
18183,3257.630940640023
18073,4524.200570647757
39077,4029.494719028738
18003,3186.790247325506
39103,14613.228751035655
49043,3742.936505075139
42027,2388.799531270617
42033,1363.2287011742048
42089,5489.705733725412
39147,3298.892544269749
39125,2932.5375988890833
17175,4388.222587867823
18111,4684.577610722626
31049,788.3891927152619
34031,17318.192171131643
31153,13322.54858363357
06089,1580.7110352376033
06035,621.4926192216776
42097,4753.631881617913
18049,3175.934664304113
42019,3816.209720625922
42005,1917.2681048924092
18131,4244.981047489615
42093,5235.981358392212
39063,3856.1488293376965
19129,6059.2131318349675
39137,3775.557099117711
19137,4564.861912954345
19003,3052.9909887092044
19039,4381.030399720896
19179,5039.688993818926
19101,5384.228634850327
19175,4053.6807459224997
19087,4884.009885210472
31081,4393.469445896699
19117,4105.440222214074
19135,3611.1339896661602
49011,10943.581471527481
17095,3869.661556884301
17123,5419.605021763264
42119,4774.057881998382
42025,4905.295496453873
39099,5452.951228
42073,3833.583713
34003,321740.4141
17105,5223.183905144667
34041,10516.12252560494
49045,903.1516300281738
34027,41466.00822951394
19057,3794.9530523165963
17071,2487.7563445789024
17187,3139.5117073795436
31025,3902.604931077753
39005,4204.461622321861
18169,2759.541960228288
31159,3195.7348679507495
31109,4607.593312126393
31019,2159.990718304583
31047,2039.8218687151423
31185,4035.232295835803
31079,3779.905588143107
18069,3227.403873
17075,5043.025616
18103,2788.6803146766206
17053,5513.646878066268
08081,475.0207967020328
08123,777.2785725163692
08057,6020.224337373709
31135,1198.0600614019927
08075,494.93558182290127
08115,1011.2768826562608
08107,4675.436974385087
08069,4878.353990558123
49009,2065.733394409543
39033,3366.6018992240424
32015,195.070886
32011,516.3801583786569
39139,4106.579718916045
39169,5836.760214
39161,4023.0017378059024
39175,3522.7588088997386
39151,7174.594459710402
17143,5491.585561003692
42095,17277.709505133196
32027,173.61492027489115
42107,2863.1032872187493
18001,4146.385175354251
18179,4559.323408121532
17203,5488.883838812851
39029,3278.309374677688
36005,616332.5263235428
18017,3903.8705530457114
18181,5080.567397314242
49035,17391.41293204822
39003,3605.387344653819
42063,1673.647843588567
19071,3851.297570152008
19145,2943.9899579547423
19173,2385.0094434406196
19159,4689.270899579788
36059,580758.2495023353
19051,2984.334069567996
19177,3188.6477152080865
19053,4795.220984637085
19185,5359.5305815179845
34013,251510.41749677467
19007,4067.439554449574
42109,4594.377142791607
36061,1522938.9507037282
49047,1347.1179076388837
42007,3624.3169288938902
42087,2817.709801421164
49013,2395.675713091501
34017,459262.5154944034
19111,2995.3287680533044
39065,3842.3424887355864
36081,1004743.4357041153
31131,2318.715630244526
42077,16967.41143282378
34019,16831.147933021115
36103,179542.8584295167
17113,5024.624822277673
34035,53707.54007590568
18015,4166.029077344342
17179,4975.761818351097
42013,2255.5956626207358
18007,5715.161585903096
08095,1207.891916066028
42061,2777.7500003380396
36047,2192831.2835781393
42021,1690.336479305621
34039,231743.35793559172
39107,5068.584818459639
39019,2456.2770878110396
17057,3985.672909114419
39117,3985.102794810091
39101,3676.1185902288594
31151,2990.4109427353824
31001,3337.8361429408856
31035,3739.8501240845535
31059,3990.8152213828657
42067,3303.1645236927275
31085,751.3935452393197
31029,1084.5031053976888
31063,974.6384911519546
31073,1306.225671905354
39011,4266.454890108135
31099,3007.384830599692
49051,4726.887704231895
31137,3098.2485155338054
42011,11277.699012225119
42129,3877.641029840926
42003,14348.675788941087
18053,3958.0104007639743
39075,5381.087053784949
42043,7073.042417036106
39157,3017.0484965286964
36085,299205.9974026846
17067,3031.076104116467
17109,3686.1729830231657
42099,4454.743277847219
54029,2528.878321
42017,33482.91924543754
29045,2750.721455807018
29199,3084.489479189328
29197,2752.7710103540253
34023,74128.98600640905
39081,1948.5493329966232
18009,3921.931626
29171,2749.4415869580153
29005,2794.553331453941
18075,4302.431587124275
49049,5405.611212604864
29147,2409.7219069378716
29129,3332.5816225869244
18067,3897.706378829433
29081,3252.2917642037337
18157,3662.3630124765186
29227,2197.240712160076
39083,3144.8696743690443
31127,1862.8880582182078
42075,12252.735507486406
39091,4016.251096501049
31067,2104.6570644413314
31097,1716.1516224073284
08087,550.3570647676133
39159,4054.5506647745456
17183,4918.664849518696
18171,4443.778993945035
39149,4861.601754321116
42125,4183.6987726654925
08049,8347.284818
39031,2546.729927311661
06103,1504.2768943794872
34025,60320.891890083054
06063,1758.6711565547855
39041,6786.016219099064
42091,60491.23778332208
17125,3665.4483668359403
18023,4025.634529459733
08125,808.9339194863145
08121,672.6657071546873
39067,2051.922529409264
34021,43133.989543370226
18159,4188.569266485457
17019,5728.650875808375
54009,2565.1258322711797
18095,4618.701893734977
18035,4641.313724316313
29075,2306.132223446278
29211,3015.408891661431
18045,3845.836195334622
39037,4646.987281649709
31169,2336.4291177734567
31095,2146.683547233484
29001,3017.6527861868303
31057,667.3406025377228
31061,1299.1356943483804
31181,1436.6893398767943
31129,1948.112685786225
31087,907.1098269935833
31083,1552.5710712521068
31065,1361.2708935462756
31145,895.8271749339366
17107,5137.010341861906
42009,2305.606650866804
42041,9810.782814
18135,4114.788727994335
42071,16572.812801478038
29103,3188.4287756619005
42055,7207.203126289424
17147,6403.827873415316
17039,5454.225459766335
42111,2449.4114974306763
17169,2950.890709749797
39089,4651.571932379937
39021,3595.7178976253126
29087,3001.6026398130416
31147,1999.795914276307
31133,1813.423087
29079,3282.1008100427202
08013,14395.002210447818
29111,3172.0631813415257
42029,21825.70472824621
18057,4795.605139
42133,13231.244449769614
18107,3908.8290404432446
08103,696.1041027393694
39059,2131.514143818505
17001,3506.181529590864
39109,5141.200724807495
54069,3476.2795009526135
18011,4181.038364892176
34005,5546.243936926327
18165,3615.368957424936
17129,5565.440252581327
39013,1890.386317250746
34029,10376.511749326488
42057,3265.0426707034517
39119,2444.4619744134247
06007,3970.346276734055
29061,2872.826574384512
39049,46301.44282872186
42051,3535.2819555884444
42101,138852.61153519512
29003,2651.2807182462775
17017,4153.924965731717
32033,1268.4532021944528
39097,4332.526043696024
17009,3045.0469625925384
08045,1889.9536916717796
18065,5297.741868176152
42001,8565.395814042788
42045,79711.78844556533
17115,8047.749348536214
29063,2467.793908812675
29121,2871.6295570519087
39023,4688.787944431922
29115,3485.734134018432
54051,1313.527200784493
42059,1501.4720195220275
18177,4415.959747711566
49023,1083.5313340446367
32001,207.09279407291723
20137,919.5376900840156
20147,1098.630307429778
20153,828.1594874876557
20023,955.1886019268607
20039,1020.3015313292283
20157,1801.5911505067847
20043,2736.8661346157332
06045,3197.0121053403946
20183,1270.3029578278367
20089,1513.751952287525
20201,1601.5632132540204
08001,1327.5222319647712
20131,1999.7882856748513
20117,1807.4267642740679
20013,2416.941809350764
34007,43216.83418411851
17167,5901.868671234498
29117,2940.541429547014
18121,3295.351971811673
29205,3399.9998244471744
18059,5342.552412910379
29127,3613.972833830146
39121,1727.5426996321535
18097,15830.909307998401
39045,4742.976711824019
18063,4192.149895792488
08047,8411.333427924908
39127,2571.0625097254424
39113,10056.914762687149
39135,6478.517107924418
08117,10371.179276898692
08037,10194.72388386862
08059,15447.795830525272
17045,4933.561903821778
17041,5664.599720062282
34015,17197.79868
17137,4915.237066501789
18133,3815.565597439767
39111,1554.9345005272894
39057,5661.035400960427
17149,3756.815567998673
08019,7703.333439954906
10003,23604.480623722313
17021,4916.221547503662
29021,2668.7820632743983
49007,3006.828477327059
49039,2832.617250685697
39129,4236.985040529441
08031,188602.14666552484
06021,1942.265487886473
17139,5566.061278466805
17171,3999.8874559657083
18139,5038.473166
18041,4640.446250261157
29025,3211.7906790105585
34033,6237.647548636035
06091,1805.0496277091518
39115,1620.7510378603288
29049,3521.4253142062366
32019,937.6873595639614
18161,7561.328963355661
08005,1577.975814383243
34001,3761.515528127013
24043,12578.818942780828
24001,2937.3994679159605
24015,13349.969547317089
24023,4106.873454891202
24025,15265.159213078467
54061,2801.8438609341774
54077,2046.6145591195977
24013,14964.565880272006
24005,30635.53527345078
54103,911.9564039298655
24021,15320.31694386067
39047,4073.5885536976316
29041,3506.7767685502113
18145,5608.641222847018
49015,2214.615385592315
54065,4819.914954510497
17029,4437.9641404765025
29173,3624.9080245628224
29137,3466.632307049653
17173,3672.880639499076
39073,2561.9696092702197
20029,1520.8422750945879
20005,2599.7002984674514
20085,2155.3259067037266
54057,3120.1758998898217
39167,1753.3959056782483
54049,1522.3601381108351
18081,5912.476584317517
18109,5339.531899457654
06115,6249.645671850865
32029,1092.2878834275643
54003,11319.808958919333
29033,3721.4597391326297
18167,2963.8728937531982
29175,3258.221270724238
18021,3143.736188102778
54095,1224.5603426982086
29163,3788.9391772449712
39165,11198.13402
39017,9911.710141
06033,2048.338727677036
39027,5335.688691527096
08063,889.0058443869352
20181,1520.3811215717494
20193,1568.6611508672318
20179,1070.278877274329
20027,1480.883215
34011,4247.086700841701
08073,313.89308108336945
08039,779.6375322566582
20161,1542.5293625624988
08093,4683.4876525727495
20163,1032.3511667835419
08035,12009.38802751773
20141,1030.7250260743544
20149,1716.403685
20065,966.1117094561337
20123,1839.66829
39009,1814.178998792984
49027,1136.8665805227763
54027,3498.8296428751337
29165,3684.180285211436
17135,4135.107057604323
17117,4203.315008198792
29177,3817.8077610280925
17061,4023.2281055468356
49019,1574.9959692339437
18047,4092.5480032051073
06057,4824.200917283236
39141,2780.3870747965375
54037,14634.734274172351
17023,3086.0400911693514
54073,1213.0323921702845
54033,1812.975223746539
18119,3308.498868572055
51069,9532.143936502116
29047,6888.819159943972
54017,1033.499270705912
54091,2472.9085887646197
18031,3860.185168918246
06011,3711.114437499329
20087,3090.510917696929
20103,5172.000297742164
54107,1860.395397
29195,3910.089222990889
17013,3352.9651013699727
54085,1120.0563480451517
39163,1501.9818679133966
24029,8442.821131599407
17035,3902.772416305613
08065,4559.388630232554
39071,3407.4527438597997
24510,121286.5896523469
10001,6518.832491832548
24027,61294.535863272235
08077,1631.631809940387
08097,4149.941616341301
24031,69821.94145367574
29007,4142.8278312761995
29089,3326.427964241849
18005,4136.310013894102
18013,3941.32772
18105,3673.7178878437044
54023,2305.804551165842
34009,3478.328922206343
51107,29224.26964666421
18029,5715.041678298972
06061,3521.4588972951665
39061,38804.02698768931
20143,1272.3835170897178
18137,3451.322888537906
06101,5882.9087652456665
54001,1711.8460969876485
29107,4554.404003887396
24035,8239.256233719985
54093,2414.177421054747
51043,15028.136552628406
39025,6083.572181291816
32510,5276.494113861732
18153,2301.5885549467353
17083,3971.649017954944
08051,2464.597612531232
29019,3940.801531489114
39015,3592.9002459665753
54031,2605.212587131785
29095,11075.60141473318
24003,55209.21342830769
29113,4534.511285303825
17051,2664.6316109660734
20061,1420.919964657899
20177,2712.2237547549958
17049,3283.415696563062
20105,1233.8881265690106
08029,1995.9890486126112
20197,1682.9438004034528
51840,124629.64047032394
39079,1635.7714649851173
39105,1782.9367163231814
20209,13385.091011793553
18079,2593.7049159493076
39131,1954.8031730607931
17033,2996.540197843288
17079,3802.912658897771
54105,1141.923663837262
18055,2131.749958215998
54041,1366.3707004404735
32023,1051.312395910185
29139,3413.7725704596123
21015,10372.692668585145
24011,6715.635664191801
20109,616.7640490825611
20195,1022.1246804633728
20051,962.4952629
20063,1011.3439126785121
24033,39698.10662
20199,627.4695290664134
20167,724.5053675236817
20041,1591.7085202943633
08041,2160.2894284697422
08119,6979.6008249030265
54083,1726.1758048105023
21037,6186.184796150339
54097,1401.458443847949
54021,923.5699033656023
32005,2740.0078614407666
51171,5401.952264767147
54035,1529.5389168888119
21117,13713.5429
32021,449.41715778311107
18071,2293.2387226601313
29027,3076.736361431963
20045,3506.2617806358235
06017,3756.002365300824
51059,179884.77828985776
29053,3465.5745362382686
08015,4544.217067818998
39001,2346.56928
54013,986.6935312280851
20091,13784.715719318572
49041,2199.7545961323485
51187,12441.843010618191
08017,430.2392470104194
39053,1538.6330125301276
18115,4000.3299728747347
17005,4340.098013020583
54053,1446.6572293523325
39145,1492.580482730179
51061,13149.66730731984
17119,7257.415031392039
29219,5807.155671554193
18093,2037.4266348081646
11001,529214.2145243915
29183,12661.26119497762
20169,1186.5218628205018
10005,9011.590604079638
54071,2036.5524537465567
24041,11362.94303117451
54087,1066.734263725175
29159,2938.4753727209472
51153,40304.07622
29101,3420.071502
51013,552399.9863891578
18155,3158.6691034513997
06113,6202.435919598009
06003,2546.3972101710615
18077,3465.0887309658747
29135,2491.6621853581123
17025,2629.311447149727
18083,1799.0278059357756
18101,2025.7533787784603
18027,1560.2300398535103
54007,1068.2098844956572
51610,525294.1793672192
29189,66483.52971415536
21191,2358.477972591942
51600,307172.6086688646
21077,3279.0410431458786
20127,1295.3944996858252
20139,1812.072916669981
20053,812.4908159487037
51157,11833.656717044385
17101,2544.860475581861
17159,2936.293153944346
06055,5986.605448397846
06097,14038.415495045449
51510,471685.0543665327
51165,4976.706213956415
39087,1470.6191898789905
29037,4212.376165104063
17121,1862.9449099175463
18143,3863.120328
51139,6296.241945905951
21023,1915.8369634543762
21081,2979.871904961876
29510,56383.71087264274
51685,198829.6670731706
18175,2454.8064455463104
51683,197888.54815646762
24009,12229.340891278485
21041,3457.8296043789264
21161,2895.5268723314543
21089,924.1218799833352
17027,4355.589046807556
54101,957.2668892177255
21223,3436.3366877041008
06067,16768.82353
20121,4203.916340243449
29051,2338.118698257013
54075,1781.4359472440003
20111,1419.0904103452594
20059,2357.355878891781
21187,2545.586242506908
21135,1003.8358568613887
29073,1907.0251640255785
29151,1600.2105352543322
24017,8798.414258143002
06051,1771.3594385828437
29071,4650.804553034842
24019,4449.546301563359
51047,9217.572971
06005,5128.757206010621
20171,1173.5520930928722
29141,1878.9533376594425
20203,946.8577156931229
20101,1004.2964394121861
20135,943.5396226524886
20071,853.9067851835999
08043,1820.4164561641064
20165,1149.1979969884721
20009,1349.3024021839212
18117,2163.410843166444
54079,1594.5998429791484
32017,1707.8754652632626
08085,1444.1911579800976
54015,735.5519139078589
17163,5681.485050465797
54039,815.1218136104723
51113,8944.045977449061
08061,368.3096409622549
17191,2378.921507040573
18019,5606.8870852093805
20113,1363.3795183553832
21201,1620.972083547834
21103,4248.314130438585
20115,1150.977569528782
51179,17767.13359906156
54011,1716.0190588997486
51091,2437.857240391731
21097,2886.2524425651245
49001,1497.683663132984
17047,2159.879485074502
17185,2405.6416595310507
29083,2142.8688437212086
54067,1123.311507228946
24045,5234.7031986625925
18125,2163.5284481562326
29015,1718.3510511850693
21185,14864.744161852326
21069,2422.249071085983
18051,2413.7814512231994
18037,1880.0772009165935
17133,4023.2357792527805
08101,686.6888165107628
20017,872.2109213584931
20159,1230.9016821724488
08025,253.1627895855323
24037,10419.896374547767
17189,3371.5499201288785
21043,814.9205020423992
49055,1296.5228968804784
49031,2693.206963
06009,4083.067008601192
21019,2002.876431038965
29099,4577.443106702349
49037,1331.5720770194202
21209,6123.409200251847
51015,5088.398435108775
17081,2659.9193326137224
51079,9585.326077021251
29013,2189.641107692443
51660,85539.30972
08109,1774.8631287152623
21181,1849.3254488617035
32009,925.3644823
24047,3992.756721861033
06109,2615.5288275683424
20031,1563.0641821918812
29131,1748.6316927958637
18025,1826.3252398091713
18061,3290.6350267450207
54099,666.6676038411048
18043,10573.29198
51137,8517.498876878768
21205,743.8597753861808
20107,1826.0518103220386
20003,1666.2359851148617
21111,40966.619665948696
51177,6617.714025813535
51099,7334.151914661312
54043,657.7934800652058
21073,3864.568473441619
21017,6585.266199865605
21211,5645.244427256923
20145,1004.5636932753841
08091,10743.905032261886
06041,22370.150892758003
51630,105701.41697177083
21011,1802.0035491904052
06077,13714.903108638686
24039,3203.240987385188
29125,1790.0702766956795
51193,2764.631099848478
51003,11487.219374796567
21127,746.7522877921598
21063,764.7913375304597
51017,2695.205952401343
54025,1709.866966489171
29029,1591.368531
54019,1307.6889589995267
08099,440.30243613617426
18123,1579.2810805594502
08011,274.05356658315407
17193,2474.4018746247866
17065,2249.3660804409087
20075,721.8225818836295
20093,759.6198564770472
08089,198.22246971793913
08027,2379.7406546385523
20055,940.8300846999028
20185,1039.4443262294446
20083,774.0688448
51033,2989.874837711182
18173,2797.609198468536
18129,2589.6267682927414
54005,661.8086182163296
17157,4214.903763922083
29185,1620.3723932809103
17145,3057.1748517652027
29055,1954.1657050353676
21067,21833.17845399872
29221,1883.6899390136916
18147,2552.6873240965233
21163,2299.749908
21173,3294.453284309972
21239,8720.209024717431
51790,31203.26272678931
18163,5162.435357347379
20079,1296.4598389240211
20155,942.6757321373531
20073,1127.3580142474752
51057,2807.6133974482937
06095,6679.827678585245
29161,1840.842388118479
21215,4524.355899
08113,1700.0363874176944
51109,4758.253678522948
49017,2272.8204518260764
08053,4881.583797733673
49021,2040.9757731231753
17055,2636.6636873187954
21005,2545.8775784033246
29186,2734.3250980683224
21175,659.4281099958877
21029,3084.583611774327
21049,5655.347941473152
51159,2585.239432562854
06013,22087.233752793793
51820,41001.405670095985
20015,1225.2998033693311
51163,3998.9606180096243
29187,2744.6369102368403
06099,7626.958639037825
20047,946.0846172157632
29085,1704.6308099105943
51540,109319.66821145953
21165,729.2976304226285
29217,1654.8971689539662
21027,1527.036409363113
51125,3855.2258847709695
20207,1371.8454227809407
20001,1454.424685419701
20011,1516.7374245026979
51001,4675.811532297026
51133,3975.696299251204
54045,692.3000150539608
29169,1722.5792964637992
21093,2512.6634342999637
51085,8633.612424
51065,5206.751868132854
08055,1140.1591772433405
21115,738.4131773495793
21113,10754.217641815818
20069,1095.7063085760783
21091,1706.0733827133565
21179,3638.3875978642877
54081,1204.3652402828723
54059,644.4123805373745
51097,2608.3797947912635
21101,2985.347447043496
08111,20774.815655698687
21167,3847.8979812727653
08079,8832.403835075189
21159,632.4939712136937
51005,2130.8942390392585
17077,3755.629855463522
21197,921.8561667178178
21059,3541.703760073988
17059,2962.8724570493937
21151,3413.831172252599
17165,2518.2433275693757
51101,3757.4605234874243
20057,896.5241498941316
20173,1796.2985052518322
21229,2307.480787925832
51075,8629.397822126159
29157,3576.388517916527
21225,2888.0531683814406
08033,1731.6498818871546
29059,1848.0842530245154
06001,22332.61353273319
06043,2615.5288275683424
29039,1690.4025738477246
21153,557.9602865
29105,1907.654531454673
17199,3467.6011115895435
54089,1465.3734315143452
21237,852.7995818
21065,1102.1395275965067
51103,5506.405805215056
08105,2656.9049095549344
21079,2870.8026191355243
29167,2317.4842634766046
20151,899.6786222493583
51009,3413.157312364652
06075,554238.4438514587
51580,9469.904953794754
08071,330.46122260137366
51678,22840.40170311309
54109,696.0267677411222
51023,3205.896751190602
51029,3838.840972927148
29065,1711.2078914145868
51119,4505.853304158094
06039,4055.3086128936116
21071,788.1565243650928
21195,787.1229396600035
51049,4732.38153
51530,8398.188167
29093,1274.8880910850385
08003,1183.4779294621062
21183,1605.9864633496784
20187,859.3041752
20081,1078.502427380534
20067,1051.0191734923235
21123,3475.212158
20097,613.7788697447269
20205,1260.146955
20133,1334.652568773078
21155,2452.160104875496
20095,983.1795811201953
54063,2107.931275185657
21129,912.5423413644007
21021,3326.389896512696
51087,25482.812384983616
06081,32883.372074256025
21025,523.7064875
51145,11502.786106628364
21149,2654.762160675666
20037,1416.3403643841582
51045,1980.8735875381446
21233,2452.9483269630227
29011,1633.1434297615629
29123,1662.1190929347224
08009,429.96688866204977
08023,1671.7909965836384
21137,2515.785305971001
08083,3050.7673677327452
08067,10055.322779166177
51127,6311.698621893408
06047,6627.712111595241
21085,1580.8859129983098
51019,4996.741996190937
49053,2502.0083440553244
17069,1684.9833602308458
51760,65304.03176689825
17151,1899.733498544998
29215,1688.227647962803
17181,3117.7992758185896
17087,2453.9989037800297
29179,1080.6011456648823
20049,1264.9571823547099
29017,1370.3926781800944
29031,3549.5722371673714
51073,5027.428839935845
54055,1708.448884
29057,1924.078346182361
21109,888.0373117644257
06019,2315.5534188359165
21107,1980.4769145250998
51041,10834.926192825222
51011,3289.113354540035
51131,7898.107739099506
21045,1474.9494346717017
54047,639.1902330361726
21055,2078.320724060619
49025,1721.9091727542586
21189,665.1009689221714
21203,1274.6218525502888
21119,612.0180480803751
51027,870.9533076895924
51115,4103.925298917806
51007,4715.064739488083
51036,4107.688193
29225,2748.073206095441
29229,2439.99478
06085,9057.963077039425
21217,2356.081522554471
51071,1800.0660958404505
20191,1099.4205841006162
20035,1267.8811472709401
51680,18229.347089323986
20119,721.9179293169631
20025,526.6610190099642
21087,2276.903407188429
20007,670.2324036858234
51095,12497.473661085687
06027,794.5593450398808
21099,1848.8387443636811
21193,644.7655417282728
51031,2955.089649660776
08007,6530.150743706053
29077,5072.511367270269
29203,1054.381845686472
21139,2004.458611654838
21177,1402.815683579304
51161,6202.9623861815235
51147,2987.5290834813495
21031,1331.081991198876
08021,1922.5706131793793
20189,905.7038531492684
20129,622.0034414205373
20175,893.5618049448133
20077,1231.277380879105
20125,1572.3216191664767
20099,1294.2066048227903
20033,574.2954964924928
21033,2176.661861297792
51199,16474.403503631413
51121,5349.016850478064
29097,1907.629061688865
21199,1913.663966162268
21051,566.1774901659671
51515,18622.175763151343
17127,2437.4318168195696
17003,2375.3418997918725
51185,1950.5628914624428
17153,2481.474766201221
20021,1538.0975212383728
21061,1575.0079855454167
21125,1332.2147944432427
51149,4795.2118384876185
51770,44458.328817576716
51670,28329.07756044984
21131,568.0818458681792
51775,36057.53664451725
21001,1876.7953268701888
29223,965.5857584392726
51021,1912.6750651628154
51051,803.3333146863774
20019,1307.2213765994916
51135,2818.287603811205
51570,24605.195586369107
51830,76316.40903412554
29109,3226.2314086816446
06087,18116.349472519763
51053,2772.615557955406
21133,618.9114445995251
29201,2913.8373095732413
51037,2197.058415
51181,2323.906930334897
51730,16146.394752293161
51155,3810.627296114006
51700,69371.07529999666
51067,4632.655112205368
21007,2451.5264364311975
21145,3009.2152132851515
51195,1126.0111410118957
21227,3808.919653078993
21207,2176.614117811618
21143,2473.481734079347
21169,1930.8888389656643
51735,22768.958800208005
21009,2501.884269874783
21047,3874.6024595217878
51750,26192.543983237552
51093,3448.802567710214
51167,1879.725809416178
29207,2510.833356471384
51063,4368.855721288357
51111,2158.561601483042
51183,2027.123565414411
51650,73204.94341693405
29035,687.0988922134867
29043,3920.0656875483496
29133,2400.9843619107405
21219,3448.5756318011363
21141,3045.944425592516
51197,3677.7526653691957
29067,2065.392606142181
21157,3225.9821996104793
29145,2223.3234309761488
29091,1745.263003789362
21121,612.4620869969185
51083,1926.1180494539326
51025,1755.2362563177114
21095,878.9679274882839
51173,3418.3856526652785
21221,2726.6355237988755
04017,828.9117132083961
04005,1281.934981314569
40035,1723.450189746121
40105,1378.449837
40115,2142.539849543266
40113,1305.5618751311588
40071,1240.5392006214995
40147,2160.7406621363543
35059,473.4451111137574
35045,2197.5466694567717
35039,4159.403356462658
40003,1137.561223048875
40053,1036.204393898842
40025,443.9574708448133
40151,928.9654368620726
04015,1177.8778675500205
21231,1272.9539614804437
40007,564.3933462045594
40139,708.5434176162927
51175,2046.7101997375155
04001,1452.8789494656778
40059,826.3910540947992
35055,1795.2161625311692
35007,1134.9870481157777
29209,3047.057182126049
06069,1525.915473520511
21235,807.3620569771738
21039,2181.474788724193
51710,159497.71303528245
21147,774.3952022407684
21013,709.2147251
51720,5128.977313114584
21083,2496.340624808602
21057,1289.3859785416673
21003,2695.000332349687
51810,45949.27205829279
51035,3839.5952138450157
29009,2666.6093909787937
51191,4319.456195214058
29023,2111.5569140738958
51800,3553.5147231544533
06053,3148.0083833908893
51081,1797.3472185165426
51117,2460.072505792563
51105,1614.2614370942053
21213,4098.078324859453
51169,1437.6035097920342
21053,2165.7538309066404
29149,1080.6093900288033
51141,2674.349011771473
29143,2448.636087834842
51550,8436.478774107089
32003,2518.0488067799056
51089,2423.3419649349617
21171,2057.0696607748973
51740,116574.7845
29181,802.8075465675827
29213,2060.676599110671
40153,996.4799921978343
51077,4426.065990112756
29153,1958.3279068954969
21105,1932.8122587334176
29119,2372.4508691862525
21035,2994.5861524148845
06107,1908.2731873332266
51595,2620.2274334099648
51690,8031.517908363795
51640,8326.517629771492
51620,13608.47137776052
47161,1883.3989403654082
40041,2379.1733478839656
47147,4850.783214747312
47165,4447.5184099949465
47125,5006.238650932622
47111,2423.5684612601785
29069,2499.6138450899393
47027,1731.821639126444
47137,2499.8856150607835
51520,27621.52617396135
47163,7111.541512
47091,3805.713533204917
40103,1187.232126351115
47151,1104.7219038290807
40131,3292.261013
47067,1558.6759052734217
47025,2026.586202691569
47013,962.4388133211287
40045,675.0473272310037
40047,1056.132428733583
47073,3010.412162568107
37009,9013.945701335144
47049,1948.7407453872136
37005,4976.663499
37171,4513.095462312751
21075,2068.9727021596664
40117,1405.3183162240114
37053,4568.855719094669
37131,1689.0715089330072
37091,1706.9115132761876
37029,2587.607373745557
37073,2068.8819403486364
37185,2468.222277831093
37169,3571.0581439108914
37033,2221.909622941734
37157,3133.866974723834
37077,3528.9155454939973
37145,3884.795869488769
37181,3156.6243856010824
47133,2488.2403835657474
47087,1623.0773914681256
40097,2305.3713915007183
37083,1771.764916984802
40093,992.3627187267123
37139,4588.496501989669
47019,4310.255132431431
47095,2032.6756173388335
47131,2151.680517824901
47183,1987.2065347412963
47079,2126.3307938486273
47169,3596.1294184292337
48295,575.2344576996894
48421,837.8460575110659
05021,2343.1344394981397
48111,594.0039784662512
48195,849.3998983534959
05005,2872.4622119503356
05049,1735.4126187576126
05135,1251.161065629585
05121,1488.6399299370703
05007,5001.170888547038
05089,1710.424741869253
05015,2440.1367288321835
05009,2228.711337
48357,971.5236536669487
06031,1472.767973060135
47021,4134.050322486506
47179,7155.332127405085
47173,4094.4257566104015
40143,11629.523499971296
37193,4517.4058466453025
29155,2265.6032209387417
47159,2833.0819286187484
47057,3695.525267338754
47059,4294.061172072504
47037,26521.039439872606
37189,15364.533841295315
37143,4353.305048488599
47083,1503.308858
47129,1577.8268387904236
47005,1477.6018915284876
47189,5766.999681
47063,6938.930184305668
37041,2598.594780331336
47043,3011.813514
47141,3673.4376161037303
05087,1569.4721880413704
47001,4721.121098013007
37011,7042.471164954278
37197,5520.465748679291
05055,2015.4497544677338
35033,2704.962620711372
05075,1955.6068280589786
37069,4222.399019845973
05065,1852.1211882063792
47171,2917.741430651757
37067,13532.735365486533
40119,1689.585439996848
47085,1391.706422986006
37081,11163.26686
37001,5962.299171694656
37015,1415.4464650297928
05143,3519.773421680326
37135,9216.201744837837
37063,21145.222767197432
47053,2243.5794521119133
35021,520.8132306263356
35043,3456.214136653432
47045,2476.7816699990112
37127,3959.377060993033
47093,16972.05612578286
47089,7678.703449
47029,3451.316305668191
40021,1732.4047498898856
40037,1505.9160888904732
47035,2537.725502394417
40001,1449.2228725778118
40073,1204.9718391135923
40083,2210.644125443287
40145,2791.671187292254
40011,1118.407775498318
40043,911.4890549190782
47017,1664.1540469609747
37121,5031.035619487013
37065,2052.057557593154
47041,3658.2544090941665
05101,1380.916902369711
05129,1420.7343287871333
37027,4800.473754326648
05137,1387.8693778733707
47149,7900.857478863877
47185,3112.496334029928
37199,7239.580258815023
37117,1376.9861588336566
37183,28959.260132236657
48393,693.8086285114931
48211,660.7932466152047
47145,4560.384470320313
48233,619.4192591716431
48205,798.7337343038305
47187,12865.787053513262
48341,887.6833787930321
37115,6500.320201275813
37097,8131.679568340969
37059,5569.42239
47155,7059.948281241708
37003,5085.380966369186
37057,5589.173301293907
40129,881.0710920102243
35049,6070.184898205416
35031,1378.457724488372
47081,1570.388475783848
05093,2506.3404775852914
47033,2612.049014188483
37023,5182.947005285962
05031,2405.2814973042723
35028,11798.093368766047
47015,2385.125447
37187,1639.6776646261508
37177,1299.905311628166
37111,6700.774410521721
47097,1659.8428351605771
40081,1510.4755840155535
05063,1863.7996710946254
37151,4226.3954891184885
47105,11502.764166825933
05067,1836.8282847881815
35047,1721.188423937354
47009,9379.619639923741
37037,5116.299891174771
40101,1789.4182664416035
40111,1761.8456023683752
47177,2809.397211372947
47039,1642.5198378089299
47119,3643.3875953037737
37195,2943.3105953107533
37159,6320.830487773612
47135,1031.587948518504
47143,3338.784873910138
47175,1889.4328697621895
37147,2019.2975882151104
47077,1717.0421908508756
37035,7661.718296911253
47075,2155.1470874525344
37021,16282.564058537524
37101,5222.850174
40039,1354.3302471743468
06029,1434.7655911096874
06071,385.6827266322763
06079,2543.8631871647067
47113,2038.3050788627936
05141,1461.0908080612699
37087,6104.197464142151
47007,2210.9055619822702
05047,1568.3006582597948
05071,1373.8485732767767
37055,1353.4535414666814
05033,1739.3012973829561
47121,3609.674094252826
35037,820.3941387902206
37013,1826.4454224070955
05115,1668.6642267127577
40017,2275.998103278725
40109,15031.27557699691
47117,2951.3269412362306
05023,2313.5535777762248
47031,3180.4629275848765
05111,2058.3903587968307
47003,3725.6428817778797
37173,3069.9775206329336
47123,3706.6188464074467
47101,1457.7212664670965
37079,2555.6566227309913
47107,4001.4975368856462
40107,1252.2162993272625
40135,1779.8091349998335
47167,2731.903658810236
48375,732.2756185944866
48065,963.9604386955962
48179,812.9853217088165
48483,845.2641592996317
48359,805.1410866397867
37105,4424.407437935085
37161,4858.3388349343495
47023,1607.8484213517797
37191,3170.3000293827736
37085,4224.424982862431
47153,2211.803958583874
37045,4649.230269277447
40091,1404.5130772040354
37109,7283.666096332441
40015,1294.2893023219317
47061,1683.7946549639978
04025,3597.055512446551
05145,1955.4483084636308
37099,9980.354809122331
37125,3664.2845022114975
37119,47224.383882055365
37025,13430.739788555744
40009,1177.239437834237
37123,2398.167324782384
37167,4907.630401091432
47181,1416.7875257362407
37089,17288.65390236125
47157,9046.912739168325
40149,1419.0701102393023
40125,1637.0730168773882
40061,1510.3862755461444
47065,8177.851437094821
05029,1905.8088545392395
47099,2078.657698362083
47055,2469.6420757871665
37075,3618.487188984364
40133,1375.0938311815949
05131,2241.823491824416
05037,1725.471370906476
05147,1797.7603602071108
05035,1957.8853340471044
47069,1538.4452025807082
47071,1751.0581016330648
05083,1487.3216334513847
37107,2122.523918682448
47127,3021.1773410290234
37175,11123.606160899497
37071,8389.990814844015
47047,2805.151132893001
40079,1231.8434935121197
37149,9988.305511067758
47109,1460.4151630099295
40027,4488.239563149598
47103,2775.3774484718006
40051,1571.095520586156
05045,2917.810995857644
47051,2827.4299263389357
47011,5861.655859
35006,1736.6178905305844
40087,2622.8100107538066
47115,2494.244113
37113,9842.608288
37163,2789.637896
40121,1104.5117416134015
37137,4064.0933437337967
05149,1476.670736255861
40063,1118.2776582618894
37039,5975.454220504783
47139,3633.6058378857188
37051,3464.718639325052
37103,1697.1432440713832
35001,8201.485317
35019,971.3091886204653
45045,9065.403747987271
37179,6833.398023287933
37007,2584.4111651859625
37093,3477.121674
45083,5430.340356786022
37095,2266.813507
37061,2440.995578
45021,2822.238643937405
48381,1232.849513627469
48011,940.2802339535126
48087,797.0106538
48129,669.8129110975807
48117,1020.0451687228771
37153,2092.6445182276834
45091,4668.646631620802
37043,8876.719786789672
05123,1822.3653853958745
40075,1091.5974633070166
40055,771.5111235081436
05105,1698.5227851336008
05127,1484.6035896526396
05117,1531.9242613087142
45077,6385.703073435136
05085,1660.0391325026442
40077,765.9288931489086
37049,2164.9009788418853
45057,2668.5097462353274
45073,6273.435982372754
35057,1913.6730912448977
37165,1757.6316002204403
40057,864.7575354309579
05119,4642.114954072963
01077,2870.1921522598777
01083,4707.516439224676
05095,1681.8864506918032
28003,1666.2661772712165
28141,1609.7770153161373
28139,1800.5330924976965
28009,1625.6582212755334
28033,5444.662991426236
28093,3075.9178272920785
13241,8943.721854458672
01089,5831.480120331488
01071,2543.373178933175
13313,5340.163366424009
13213,4500.2533469020345
13047,6868.031241024151
13083,3851.503257124733
13295,3613.490348610173
13281,11975.135098818537
13291,8078.738836847114
13111,7486.447742798347
37133,3349.705098
40123,1698.8338224198005
35009,857.6859663571224
35061,2508.155320832143
37155,1608.7641001501995
05077,1893.7082110558058
45087,1744.3694431018087
01033,2214.3239457601785
06111,2014.8367033535897
28143,2102.3942082544836
37031,4103.7178723278475
40049,1676.8559131455356
05125,2200.184697313514
01049,3533.576384294341
40031,1113.636959987363
40065,917.0081361
37017,1663.724009010388
13123,7643.451227509822
45023,2560.6798797355723
13137,9503.751032550968
45007,4893.189620475202
45025,1429.6995348224846
01079,3122.744927013035
45069,1360.5181404795042
13311,9812.036636882593
28137,4403.079090156725
45059,2463.6952151729624
05051,2676.4463101692013
35011,688.1034973570598
40029,1012.2823169368759
28117,1978.930648622884
05097,1888.4546894019757
48369,1311.1230108896007
48069,1279.9083770222164
48437,1018.2771960381599
48045,817.6443576062129
48075,846.7507165957676
48191,686.6753916534961
05113,1629.6164208941389
37141,2540.8106646911674
13187,7946.211295417814
40127,1121.2576136910216
40005,1226.1543016976489
40137,1085.8298411282708
01103,3620.851799
13257,4321.656491
05107,1681.8527676189585
40099,1851.5666466321638
40141,840.8016851357795
13129,4418.567366
45033,1476.0202620798532
13085,7966.1515131854485
45055,1953.3291108612066
28145,2103.605576719851
01095,3501.9876269831448
35041,738.2068739093882
35003,2550.331880981429
13115,3644.5274440669646
13055,2603.8712893950656
35053,1609.1062713853546
01059,1511.9470525920642
48197,635.8002402621161
05001,1778.9419962363716
28071,2779.891272847869
28107,2412.4098720762195
45039,2157.096400877831
13227,7706.221144270429
13119,4200.9986795833465
28027,1877.0423426313944
45031,1656.773172192856
45071,1795.6750509855983
01019,3559.8881669744055
28081,3011.6842633395327
04007,4653.071570687893
28119,1862.6944201367642
40069,1645.5191515649444
40019,1281.3702883331257
05059,1799.2182572300253
40089,1475.5079690913824
40033,936.4974235443535
13139,13274.216293283765
05053,1810.4267594273547
05069,2118.137974141538
13147,4152.918868737489
13011,4457.327038395077
45001,2167.915342127141
37047,2056.3733487028985
28057,1556.079722
48487,849.4059737567289
13015,5694.628738
13057,12632.122254462356
45047,1955.6236132390566
37129,24203.52196480878
28115,2046.3432763807687
45061,1582.5995318079165
37019,4346.605318347456
05061,1433.4922700088428
05109,1429.3627979560433
35027,1136.416184
05019,1653.7612312848926
04012,1147.8233891891668
13117,36235.757189313794
01093,1440.3920941374047
48345,598.1027044365486
01043,3513.093187690325
48101,695.8741144276689
01133,2263.903429237257
48153,1057.7305623613945
48189,1232.4662829683577
48279,1274.067671258451
48017,1126.1641747366805
45041,1757.4338187916235
45051,4275.419742996508
13157,7005.488340033036
45067,1806.8528644774583
40067,1004.9359555647384
13105,2404.327442809012
13195,4512.183101621186
01009,3449.009783104221
45079,2769.502472040464
48155,674.6074502
01055,3528.552097110319
05133,1547.4756602087757
45063,3640.025729498288
28161,1649.9347685415269
48485,1042.204269490055
13121,51122.835418241586
40095,2029.046093
05079,1888.1341438188708
45081,2054.3191316691195
13135,58318.27900466812
28135,1702.8581343473484
28013,1755.2663872035898
40013,1916.4564452345378
40023,1318.3488142571268
45085,1567.2645165842869
05039,1542.3322516922578
48077,1251.7255766243586
13013,11398.075132846603
05041,2127.566099222324
28011,1731.4863980331197
13067,60463.32277941536
13233,3316.7917241797295
35005,518.9903613304753
28095,1491.8973899672897
13223,7700.1897918780405
28017,1540.851783855317
06065,522.8284501878467
45065,1963.4406069012296
40085,1767.3046985353965
05025,1589.631773237782
01075,1271.824244
13059,11376.344900294653
13221,2360.811567321375
04013,4187.0037030137555
06083,1950.1090550449333
05057,1545.179563741305
01127,2030.1087130222002
28133,1954.9206240605993
48337,1625.1265387066344
13317,1693.889900206479
01115,4195.681568625648
13181,2525.824509023643
45037,2090.4763149031687
01015,4814.989886089363
13219,8808.825031503644
13089,46923.73433235777
48387,1045.211242
05099,1434.4823811524077
48181,4778.266612343932
01029,2802.9716915021118
06059,186034.9387176999
48097,3533.947090653027
05081,1202.238242147671
45027,1481.1727605014707
48277,1559.3419857453796
13297,7955.355738800691
01057,1305.8395576822197
13143,3082.6750468531036
28043,1407.3367894712478
48147,2424.4422882614995
45089,1848.630699646878
45017,1807.247508729365
45003,1759.6072829409081
01073,5194.119971374632
48269,734.6896030889259
48125,696.5961943365386
48107,1002.3205870083715
48303,1589.3361824796593
48009,1562.9166143958262
48219,1209.1262692514103
48275,781.8548828762948
48023,875.1538107620928
48079,1053.6164073209577
05103,1463.2842786102228
13045,4652.392680446319
28083,2075.8129742059814
28025,1383.8356989019244
13211,5058.5067539537795
05013,1437.964129472993
13097,11841.15263192438
05043,1610.6968646172948
13247,11179.62062647056
04011,2519.574157
45043,3082.9073051756186
13133,3070.9848348530477
28087,1620.4960225996933
13217,7653.305503921529
28155,1226.988333
13265,1575.768203555722
05011,1389.4784540100482
45075,1660.0897936495846
48037,1265.0018183577351
13073,4740.747271212413
01121,3460.983588903944
28015,1270.7318854048367
28097,1319.0656560554607
13189,2426.6166633707694
04009,1569.021726338193
13063,31928.394529899517
13151,12554.945402132433
01125,2039.5456511653713
13301,1717.1437187927395
05091,1274.296120312946
28105,1377.6613072106913
35025,670.6185816895035
05017,2334.348912622874
13113,16325.97674017465
01117,5146.533082999768
13245,3065.589022209923
01107,1641.110656565267
28151,2079.411132609327
28019,1086.1193097905746
13159,3313.051840706643
45015,3713.2137734138137
13077,6375.693073036722
06073,5048.833908820363
01111,3016.806814549584
01027,2405.008544025586
04027,1102.5179821366203
48119,2310.085549239011
45011,1387.3823875935964
05073,1426.0691469420262
35051,1645.7137549508373
06037,5933.766620790642
13237,3077.2117392731166
04021,4080.077576
48237,3346.6652875114996
13141,1393.3159614238998
05027,1533.1914346738388
13035,4624.330169838163
06025,271.4807596285514
48497,5237.134965694439
48121,18505.613605485498
45009,1543.4431679926547
13149,2730.1352012752523
48231,4752.3536300185415
48085,19268.02473884383
05003,1596.2720001878909
48449,2086.9943464883554
48207,1002.5567190065748
48447,1884.8112428906218
48503,2387.4125487939073
48263,751.6666136264597
48433,845.0900581807406
48159,2483.6363387302563
35035,1811.5597355126288
05139,1705.5414241177027
48169,733.2109602003238
48305,1476.9115688579113
48445,1299.5991451710563
28051,1223.5470841813294
48501,1067.435934514257
48223,3269.7322852952607
48343,1932.8546544868018
13255,5612.086919056088
28053,2085.7547498303475
45035,2643.358276398751
13125,1355.7116608958183
13163,1415.2305015165289
48067,1302.2901737280813
13033,1687.440532050313
28007,1124.4583547362336
28103,1254.4430836528888
28159,1006.8967981008852
01007,2058.1979904525556
13303,1112.9808083393214
13199,2922.3223589600548
13285,4184.879945648743
35017,1231.5063785062184
13171,3813.0338281615827
13207,3640.1021010785394
13231,3878.0108481407965
13009,1866.5282868873653
13169,2842.792726114923
45029,2776.719703683298
01063,2081.258200869044
45005,1633.1418722753615
01017,3313.067638606555
01123,3220.8454013996193
01037,2819.381721637023
28125,1814.4627632734632
48063,2576.8310686308655
01021,2859.6731452385084
35013,2828.808146705473
13251,1617.3618437629514
28163,1682.9325655790044
45049,2183.397940761368
22017,1691.2394574777275
45019,9015.028908846165
22015,1701.481562736999
28055,1758.864045075876
22119,1783.2172946554135
22027,1031.0288104118104
22111,1978.9023399953603
01065,2225.845929012633
48499,3645.2087434141677
22067,2112.652671540704
22123,2004.9901071007023
22035,2094.3894883156186
13319,1081.2000562188912
48363,4691.310592025906
13293,2313.3881054470403
48367,6908.899061774524
48439,36963.061065347385
48113,41293.437746916454
48397,17329.509269101894
01119,1868.179132201397
48379,5351.537446851198
35015,250.7918447451005
48417,1799.834359389881
48253,1306.8100423895028
48151,920.2302945090729
48415,804.2608529511249
48033,796.6591903254521
48115,1240.196157652123
48429,2246.214900669528
48165,1104.6771290779488
13021,6886.323130083989
13165,1689.5113211676032
28099,1130.7610961630828
28079,1215.1605247226855
28069,1194.4014719641787
48459,2479.125925431138
13289,1478.2615213761458
28089,1892.7061568770232
48315,1272.6007412971883
13263,1918.899775626371
01105,2192.997333641191
13145,3860.5680492884026
13079,2112.4109114635103
48257,6573.958999446567
48467,5323.007953277343
13107,1457.4543741667587
13167,1246.463923341765
48203,1762.934725894006
35023,1090.653658735729
01051,4451.447759
22061,2134.184842956105
45053,3636.7640765710685
01081,5403.492843640554
13269,1578.1052389411357
22073,2991.9370868233564
13175,1301.5030086454676
01001,2803.361994502006
01047,2696.370571907953
48423,3635.0060793456773
13225,4640.4064211624345
13153,3870.683931842296
22083,1927.5623857157846
48183,3610.221485855837
13031,2616.801261942697
28123,1704.6568207109983
28149,1649.6043665410753
35029,992.5207785828171
13215,7179.241836011325
01087,3936.6095654540595
28121,1939.489041162231
13103,3428.317052497788
22013,1270.8712574489878
28075,1672.8499763484886
28101,1477.1918854900157
13023,1684.2732488992947
28049,2263.368053965174
22065,1218.3864504678463
48251,8316.779983744122
13197,1288.7233651947681
48221,6102.783023870148
48139,5012.334392980172
13043,1751.731216446779
01091,2412.4903962868525
13053,1812.6121726416613
04019,2639.690388891908
48441,2021.6965736680042
48227,1335.1261432543065
48335,1046.1072423983455
48133,1874.8400384204322
48059,1973.4350569966398
48317,1523.4247057719547
48003,982.7671090957533
48353,1394.608124327355
48143,3485.9701641225824
01113,3150.5222068162216
13193,2045.1804860361729
13283,1351.3254723272573
01101,4585.539325778895
22049,1841.0249758400832
04003,2034.4055044151305
13091,1344.2880946124124
13249,1589.9092237997731
01085,2351.4371986932424
22041,1460.0572674397142
48401,2438.515282
13235,1853.6868094348665
48365,1622.4351453718923
48213,3838.4126593504284
13209,1444.6484899975749
13279,1735.0220783556479
22031,1787.680164952189
48349,3131.656125485569
48425,6762.667937205283
01023,1779.089600582049
01011,3126.821601
13267,1616.032809894882
13309,1255.387343350552
13093,2028.949342738462
22021,1722.5645115105522
48217,2704.2172036126904
01131,2395.9041934259208
13109,2585.7547684967503
45013,11316.516837356763
48093,2268.842184095196
22107,1217.950799423491
22081,1669.4616896779103
13029,3696.7061056799416
28061,1734.1651834023758
28023,1742.3842825132822
28129,1751.6944640487804
28021,1524.8157188620332
13259,1523.780695857558
13307,1367.1462486797454
13261,1950.8419416810123
48035,4899.596261631114
01005,2399.7848289233143
22127,1635.2926171638599
22069,1615.5813104656063
48073,2597.1528605041917
13271,1280.091482480605
13315,1659.6101578967546
48431,1724.5945221699917
13179,2453.5145062387096
48173,1770.2853695459235
48329,3176.6434843040965
48081,1463.41267
48495,601.8625395915155
48135,1621.3323134793789
48399,1753.5129613902823
48083,2111.5448316828843
48049,1990.2923336535969
48001,2518.464282988856
01109,2658.6766415832526
28127,1943.8665248494767
01041,1829.1769169003994
28029,2000.3929425808358
13081,2063.191641809627
48193,2963.932252306161
48161,2421.9141389187716
13183,1449.081906597643
48109,292.8871944640166
48389,150.28873704959025
48301,230.20187348637472
48229,658.7963887
48141,5699.116363986798
01025,1925.0162311282684
13239,1599.2859981462566
48419,2015.5227949325454
22025,1837.5431321236085
01013,1978.9985909811928
13161,1568.3559982143033
13001,1524.4623946498316
13273,2038.971938491701
22059,2004.1871827350776
13243,1356.8317811767106
13177,2924.563921
28153,1728.880998383286
28063,1682.1575437903657
48309,3383.106394
13051,12716.842021597611
13321,2410.310289771461
48347,2430.412606322085
13287,2193.357084845819
22085,1765.380981681283
13017,1781.5039049285506
01099,2126.3713507767325
28067,2667.0977064465537
13305,1494.4092936096893
48293,2509.645957
13069,1923.410542445962
22043,2145.2857396738436
28031,2275.080141170449
01067,1854.5886136095141
13061,1530.8537541666842
28065,2021.8373254945384
13155,2109.5119475536385
22029,1852.746571189763
28077,2178.6825778864086
28001,1495.4486108955095
01035,2257.784396274795
04023,3948.4004957829225
48333,2431.7457194999997
28085,2486.3237615801263
48099,3742.2869047327868
13005,1834.7484009094567
48451,2611.8347931843864
01129,1538.7049145946426
13191,2316.5142215792002
13095,2915.118641899342
48475,407.5820896595615
48405,2245.499534015847
48103,1355.9263005121425
48461,1965.6007670840654
48383,2177.986641599428
48289,2381.7409221548733
13037,1593.4125958937416
01031,2214.4928917148954
01045,2587.9923689954862
28037,2017.5824717538276
48403,2171.544745822958
48225,2328.0749981261397
13277,3023.0507141131093
48095,2300.769978269991
01039,2082.4951251577018
48235,2268.1196111835466
13229,1953.921583753665
48005,3112.434000190028
48145,2631.0973982653495
13099,1585.617957094973
22079,2610.8809757609156
48307,2568.5088403175796
48411,3161.6527298886867
13019,2267.7129947210174
13299,1651.8161733937143
48281,3808.6726532064777
13127,2361.4735850605302
13007,2071.563063857956
13205,2294.724178507413
28091,2562.4167693734985
28073,3978.427130704792
28035,3183.175698326791
28111,2163.5181316732596
28041,1822.0074042899457
13003,1646.8834292515287
48455,2929.4460950951425
48371,447.4972955928578
28157,1810.238574440746
22115,2061.335051092727
13025,1422.735595703198
48395,3111.7009291868544
28005,2501.0493152608396
28113,2555.2203896954256
28147,2456.3215954933535
13075,2899.680216849992
22009,1855.4837783824626
13071,2845.0411153632867
01069,2179.461874834056
48027,5646.935169924607
01003,4121.740371482469
01053,2233.145210566271
13201,2025.9736283733207
01061,2138.340931704649
13173,1914.6734640669733
48351,1726.062220090066
13065,1732.8327095692207
01097,3591.1840012025523
13039,3293.2941509812786
48241,2116.9969737812003
48373,3242.168334
48331,3120.771082972778
48243,449.60106377164567
48313,3210.608577720283
48413,2988.788664286842
48327,2974.0036337286197
48105,1443.8675315623645
13087,2798.9488591565864
13253,2554.201990205777
13131,3089.267390088684
13275,3487.9853813996115
13027,2899.492179109863
13049,1646.528514063546
48457,2741.936989674257
48471,3362.9148922642526
48053,9956.806527611774
13185,3494.2179678779667
22077,1976.8331330813294
28109,3324.9880386579416
22117,3131.0678244875894
22105,4778.859047386396
22091,3854.148782699746
22037,4611.334245983995
28039,2492.8149255293933
22125,3963.842757725574
12063,2826.3030359909985
12059,1463.3010246656536
22039,1376.0672281603786
12131,2764.697014576096
48041,4616.2447041368905
48319,3900.8523502835505
48299,6574.253669
28131,2731.9323177704546
48491,13159.941988848946
48407,3433.391796
22003,1676.102871133873
22011,2051.810991089385
48185,4566.355370510259
13101,1493.0759205519514
22097,1894.7487418089315
12133,2235.4464641626096
12089,3160.642803576385
28059,2848.9073975575543
48051,3735.9289222847488
22033,14033.141583874982
48267,2910.818262770652
12039,3839.3498862190113
22103,6143.648066882915
48435,3384.761933179111
12073,8043.751702264034
28047,4924.325214007331
12065,3069.514969605816
48043,206.86027079414364
48443,619.2278940848673
22121,3573.3201959982835
22063,5869.615987
28045,4904.322558
12079,1901.3792591614572
48377,297.77554
48453,26418.02161595565
48339,10480.659892182119
12047,2346.2850891037033
12013,3318.177468495896
12077,3491.333347642815
12023,3423.6252668604984
12003,1905.1728283586715
12031,14771.461487331837
12005,2538.052245517959
48287,4460.933207273703
48199,2422.299892427113
48171,5694.292037444988
48031,12295.378429468054
22099,886.5315341653567
22047,1453.4970466158654
22019,2348.868691492054
22053,1749.3288990584679
48291,4392.095361
22001,2396.0732829020776
12121,3008.486369503416
48021,6410.622644438296
12091,2628.9754627075113
12113,2825.233176
48477,4436.559215259118
12033,3569.6144502069287
22055,14145.376613960976
22005,9185.438076249335
48209,16951.15693214986
12123,1893.3614944699652
22095,1211.3064622909922
12129,3230.1998090606576
48137,2957.824561758738
48465,1865.0923310338924
48265,5320.099961542154
12067,1694.6008338446254
48473,6263.691570048157
12109,6759.817910761658
48361,3448.056037703179
12045,3524.8087395119646
12019,3791.4802589901497
48245,2843.6929532943514
48149,4915.673026622018
48201,28165.72101605654
22093,2459.997431483223
22071,12218.138066860269
22113,1804.767335
12125,2518.317777773392
12007,2499.430297879801
48259,8920.194657156137
48015,5163.050804281447
22089,1936.4690815737288
48385,2329.143171487109
22007,1405.5984492816274
48055,8287.579994200241
22023,525.9089153102118
22087,3175.1109355550884
48091,21143.508755920473
12037,3981.3344913211536
48089,4264.059034886524
22101,766.5752458
12001,4373.153459716234
12041,4412.503551880895
22057,857.0763990536717
48019,4370.393417601725
22075,185.29028906800346
48071,5765.800840358868
48187,7778.610836002202
12107,3396.898174717592
12029,2061.8029746604593
48157,8125.075014096829
48177,4763.961144
48029,20633.71752220565
48325,6096.349422855436
12035,3885.107087678033
22045,1156.6598546342566
48285,4404.028189810716
48481,3997.908173659498
48463,3590.413499383212
48271,3877.8074437113833
48039,4755.395707840273
12075,3254.311550381244
48167,12113.255618393512
12083,5714.905422711627
48493,4917.145263694052
12127,5603.679716407576
48123,4527.735619782524
22109,706.8166963033393
12069,6863.703145
48239,4546.961130063649
48013,3878.073720759314
48321,4338.562700801324
48255,4111.854496774478
22051,1349.930504312234
48469,5114.494875
48507,2404.6484765861132
48163,3988.0188371470526
48323,3112.615068607143
12017,7744.340003170685
12119,6028.037616506687
48175,4308.915292
12117,31838.36136
48297,3492.7620361107174
12095,30393.272359356684
48025,3898.840272181843
12053,9794.208125426907
48283,2338.3349992253416
48311,3121.411031412324
48127,1871.178246124332
12009,7696.504250600298
48391,4941.1616393927125
12101,12211.637911089963
12105,4709.411363140043
12097,3984.9849813559194
48057,5111.032977511991
48479,2318.689095
12103,165429.9233
12057,24250.216231404822
48409,4971.554555788474
48007,6165.599999295283
48131,2142.662450164448
48249,3316.304636530521
12061,8623.145565541692
48355,5005.174091
12049,4841.110512512952
12055,3759.123586045557
12081,10713.476046403837
12093,4205.207490266025
48273,5127.886653
12111,13336.760765215295
12115,17846.540941105464
48247,1699.2291811582859
12027,5462.121928930364
48505,2082.3600800327636
48047,3067.9199960507362
12085,11604.164398446736
12043,3956.172571632716
48261,4298.072182215216
12015,4515.101582877124
12099,8925.819530788378
12051,4555.537777115358
48427,3240.261147568029
48215,7309.886631375476
12071,19846.374922967505
48489,4194.969395226686
12021,4639.893098931508
48061,6515.5508249596405
12011,7627.322329437129
12086,3701.892156888793
12087,3155.9380909314646
27031,2181.959579623299
26083,1647.896771709592
26061,979.3764149290863
26131,959.7326634875845
26013,1211.3457394510895
26103,1392.2613176718394
26053,1616.5399340442193
26095,1191.9993140101003
26003,1347.2630878891468
26153,1227.7667278317724
26071,1373.290539693122
55125,3190.6158049634314
26043,1517.2929720544525
26097,914.3316241275319
26041,1222.1068536858222
26033,1163.0083225864134
55041,1724.5599837843035
55037,1753.6166458326043
26109,1804.2166481032493
55085,2344.585135445318
55075,2698.639553197716
26047,1236.4985118693137
26031,1546.950368930036
26141,1513.6739984714427
55069,1855.0007603306728
55067,2136.1131590405002
55083,2814.892361780919
26029,2269.0087979245504
55029,3367.2697789506747
26007,1677.924501994376
26009,2206.036117599594
26137,2008.415702696518
26119,1860.395397
26089,10058.631702045119
55073,2121.1276825015902
55078,2181.0483450331435
55115,2579.5258502530783
36089,1060.7813195123942
26079,1948.9377525285304
26039,2036.6087785507336
26001,2147.5558473609594
26055,5162.110431
26135,2145.9835063593296
26019,4229.346921915689
55061,3066.840567080192
55097,2917.925086385818
55135,3105.7566777907623
55009,4633.830461035239
55087,4321.672976540552
26101,2207.959866
26069,2400.6294757873275
26165,2307.6194289559417
26113,1990.0190273624528
26143,2059.943704519794
26129,2157.944120390718
36045,1143.1200376599452
55071,3598.963331423645
55001,3740.7704198430856
55137,3485.5446566267265
55139,3596.5615659621467
55015,3664.0433872974645
36049,1236.5857769971158
26105,2255.6989179593234
26085,1994.3774152111766
26133,2121.6941603291075
26011,2167.731343754676
26035,2148.1293832121587
26051,2010.5601507638123
26063,2911.459583083606
26017,3147.5730981500633
55077,3435.8844713084486
55047,3514.9263054498238
55039,3913.8946042291013
55117,4533.430302434584
26111,2649.5821385925965
26127,2276.7904959245275
26073,2473.8686232781047
26123,2172.1350457787958
26107,2294.2077696180304
26157,2711.7944167696746
36075,1088.3231442544331
26151,2886.200144687262
55021,4629.439892282147
55111,3171.5761751853697
55027,3538.155647388644
36065,1352.6883408072067
26145,3172.0147798678236
55131,6941.074578945405
55089,8826.400108723064
26121,3159.8320813518053
26117,2636.1080373006625
26057,3055.280332082187
36011,2428.7790909557534
36063,1956.7037626479134
36073,1769.0769767630009
36055,6616.912559074726
36117,2065.317758446908
26087,3179.947337993478
26081,7723.378609153459
55025,6331.961963245771
36067,3096.228146058304
26049,3822.638708269009
26139,8400.014448845162
55055,4467.787854951146
55133,20053.123872353666
55079,65844.72013121848
36053,1738.8999317720138
26147,3467.5482005993085
26155,3435.5994089490014
36037,2214.767456383797
26067,3575.341583252099
26037,3793.6214390695995
36029,3481.986390414908
36069,2919.1608891003534
36099,2933.8775174032585
36051,2370.223308322125
26099,16783.35055
26125,23039.43933851547
36121,2055.9576353136727
55045,4022.1922895951607
55105,4546.176323871692
55127,8838.436932
55101,6970.208502461047
36023,1700.453107710679
26093,6585.234798944263
26065,4386.197546635857
26005,4298.965849
26045,2937.0437215112433
26015,3323.4694977488607
36123,2858.4488959912997
36017,2057.7662086263094
55059,8285.027507694358
36109,2301.340537165046
36101,1573.8083089852068
36013,1448.567911560064
36097,1944.797363069334
36009,1209.238126353903
36003,1263.875542675744
17177,4461.052328632093
17201,6170.205738623654
17111,14468.51128
17007,8362.607079933074
17097,55978.28506971681
26163,26009.093054949863
26161,7265.524295853923
26075,3552.586287034557
26077,4231.485174610624
26025,2728.5422263783967
26159,3346.818489197036
36007,2440.9397089479994
36107,1842.846576987222
36015,1914.6679861500884
42049,2430.7950770567304
26021,5203.108433060395
17141,5394.528614514632
17015,4111.168314280985
17031,161964.79096814437
17089,22516.20775002038
17037,8570.723396099325
26115,4709.936868082894
26091,3339.6351404307306
26059,3033.273801625565
26023,3128.0235660290195
26149,3526.809411226323
26027,3347.003617257413
42015,3033.9073812012034
42117,2350.0338093520677
42123,1179.1467696411949
42115,3026.7663071381435
42083,1195.414534585564
42105,1637.143273936993
17043,169377.8548
39007,2463.260584
17195,4410.500954990851
17103,5404.569964001557
42039,1721.357501920294
39085,14334.656579395742
18091,4209.593141023449
18141,3822.2085572945516
18039,3143.0796726625513
18087,3304.9542897155225
18151,3134.6022783304297
02185,
02188,
02090,
02060,
02180,
02170,
02270,
02050,
02020,
02122,
02070,
02164,
02100,
02110,
02150,
02220,
02280,
02130,
02201,
02013,
02016,
15005,
15007,
15003,
15009,
15001,
51143,2297.0582199193614
51590,8847.409929504121
02261,
02282,
02232,
02290,
02240,
02068,
08014,110601.75403457155